[
    {
        "fields": {
            "app_label": "admin",
            "model": "logentry"
        },
        "model": "contenttypes.contenttype",
        "pk": 1
    },
    {
        "fields": {
            "app_label": "auth",
            "model": "permission"
        },
        "model": "contenttypes.contenttype",
        "pk": 2
    },
    {
        "fields": {
            "app_label": "auth",
            "model": "group"
        },
        "model": "contenttypes.contenttype",
        "pk": 3
    },
    {
        "fields": {
            "app_label": "auth",
            "model": "user"
        },
        "model": "contenttypes.contenttype",
        "pk": 4
    },
    {
        "fields": {
            "app_label": "contenttypes",
            "model": "contenttype"
        },
        "model": "contenttypes.contenttype",
        "pk": 5
    },
    {
        "fields": {
            "app_label": "sessions",
            "model": "session"
        },
        "model": "contenttypes.contenttype",
        "pk": 6
    },
    {
        "fields": {
            "app_label": "joc",
            "model": "jugador"
        },
        "model": "contenttypes.contenttype",
        "pk": 7
    },
    {
        "fields": {
            "app_label": "joc",
            "model": "grup"
        },
        "model": "contenttypes.contenttype",
        "pk": 8
    },
    {
        "fields": {
            "app_label": "joc",
            "model": "equip"
        },
        "model": "contenttypes.contenttype",
        "pk": 9
    },
    {
        "fields": {
            "app_label": "joc",
            "model": "pronosticequipgrup"
        },
        "model": "contenttypes.contenttype",
        "pk": 10
    },
    {
        "fields": {
            "app_label": "joc",
            "model": "partit"
        },
        "model": "contenttypes.contenttype",
        "pk": 11
    },
    {
        "fields": {
            "app_label": "joc",
            "model": "pronosticpartit"
        },
        "model": "contenttypes.contenttype",
        "pk": 12
    },
    {
        "fields": {
            "expire_date": "2015-12-27T23:13:22.448Z",
            "session_data": "ZmNiNTZhNzNiZWJkMWU1NzZhMThmZDg4N2JjZTU4M2I1NjcxNjE3Zjp7Il9hdXRoX3VzZXJfaGFzaCI6Ijk3MGEwNzEwNjE3MjcxZDkxMDkwN2U0YmE0NjE0NTUyYTg5ZWFhN2YiLCJfYXV0aF91c2VyX2JhY2tlbmQiOiJkamFuZ28uY29udHJpYi5hdXRoLmJhY2tlbmRzLk1vZGVsQmFja2VuZCIsIl9hdXRoX3VzZXJfaWQiOiIxIn0="
        },
        "model": "sessions.session",
        "pk": "puzobnuq9lkflfaajo7lymh1qwc2ud42"
    },
    {
        "fields": {
            "nom": "A"
        },
        "model": "joc.grup",
        "pk": 1
    },
    {
        "fields": {
            "nom": "B"
        },
        "model": "joc.grup",
        "pk": 2
    },
    {
        "fields": {
            "nom": "C"
        },
        "model": "joc.grup",
        "pk": 3
    },
    {
        "fields": {
            "nom": "D"
        },
        "model": "joc.grup",
        "pk": 4
    },
    {
        "fields": {
            "nom": "E"
        },
        "model": "joc.grup",
        "pk": 5
    },
    {
        "fields": {
            "nom": "F"
        },
        "model": "joc.grup",
        "pk": 6
    },
    {
        "fields": {
            "nom": "G"
        },
        "model": "joc.grup",
        "pk": 7
    },
    {
        "fields": {
            "nom": "H"
        },
        "model": "joc.grup",
        "pk": 8
    },
    {
        "fields": {
            "nom": "I"
        },
        "model": "joc.grup",
        "pk": 9
    },
    {
        "fields": {
            "nom": "J"
        },
        "model": "joc.grup",
        "pk": 10
    },
    {
        "fields": {
            "nom": "K"
        },
        "model": "joc.grup",
        "pk": 11
    },
    {
        "fields": {
            "bandera": "franca.png",
            "grup": 1,
            "nom": "Fran\u00e7a"
        },
        "model": "joc.equip",
        "pk": 1
    },
    {
        "fields": {
            "bandera": "romania.png",
            "grup": 1,
            "nom": "Romania"
        },
        "model": "joc.equip",
        "pk": 2
    },
    {
        "fields": {
            "bandera": "albania.png",
            "grup": 1,
            "nom": "Alb\u00e0nia"
        },
        "model": "joc.equip",
        "pk": 3
    },
    {
        "fields": {
            "bandera": "suissa.png",
            "grup": 1,
            "nom": "Su\u00efssa"
        },
        "model": "joc.equip",
        "pk": 4
    },
    {
        "fields": {
            "bandera": "anglaterra.png",
            "grup": 2,
            "nom": "Anglaterra"
        },
        "model": "joc.equip",
        "pk": 5
    },
    {
        "fields": {
            "bandera": "russia.png",
            "grup": 2,
            "nom": "R\u00fassia"
        },
        "model": "joc.equip",
        "pk": 6
    },
    {
        "fields": {
            "bandera": "gales.png",
            "grup": 2,
            "nom": "Ga\u0140les"
        },
        "model": "joc.equip",
        "pk": 7
    },
    {
        "fields": {
            "bandera": "eslovaquia.png",
            "grup": 2,
            "nom": "Eslov\u00e0quia"
        },
        "model": "joc.equip",
        "pk": 8
    },
    {
        "fields": {
            "bandera": "alemanya.png",
            "grup": 3,
            "nom": "Alemanya"
        },
        "model": "joc.equip",
        "pk": 9
    },
    {
        "fields": {
            "bandera": "ucraina.png",
            "grup": 3,
            "nom": "Ucra\u00efna"
        },
        "model": "joc.equip",
        "pk": 10
    },
    {
        "fields": {
            "bandera": "polonia.png",
            "grup": 3,
            "nom": "Pol\u00f2nia"
        },
        "model": "joc.equip",
        "pk": 11
    },
    {
        "fields": {
            "bandera": "irlandadelnord.png",
            "grup": 3,
            "nom": "Irlanda del Nord"
        },
        "model": "joc.equip",
        "pk": 12
    },
    {
        "fields": {
            "bandera": "espanya.png",
            "grup": 4,
            "nom": "Espanya"
        },
        "model": "joc.equip",
        "pk": 13
    },
    {
        "fields": {
            "bandera": "republicatxeca.png",
            "grup": 4,
            "nom": "Rep\u00fablica Txeca"
        },
        "model": "joc.equip",
        "pk": 14
    },
    {
        "fields": {
            "bandera": "turquia.png",
            "grup": 4,
            "nom": "Turquia"
        },
        "model": "joc.equip",
        "pk": 15
    },
    {
        "fields": {
            "bandera": "croacia.png",
            "grup": 4,
            "nom": "Cro\u00e0cia"
        },
        "model": "joc.equip",
        "pk": 16
    },
    {
        "fields": {
            "bandera": "belgica.png",
            "grup": 5,
            "nom": "B\u00e8lgica"
        },
        "model": "joc.equip",
        "pk": 17
    },
    {
        "fields": {
            "bandera": "italia.png",
            "grup": 5,
            "nom": "It\u00e0lia"
        },
        "model": "joc.equip",
        "pk": 18
    },
    {
        "fields": {
            "bandera": "irlanda.png",
            "grup": 5,
            "nom": "Irlanda"
        },
        "model": "joc.equip",
        "pk": 19
    },
    {
        "fields": {
            "bandera": "suecia.png",
            "grup": 5,
            "nom": "Su\u00e8cia"
        },
        "model": "joc.equip",
        "pk": 20
    },
    {
        "fields": {
            "bandera": "portugal.png",
            "grup": 6,
            "nom": "Portugal"
        },
        "model": "joc.equip",
        "pk": 21
    },
    {
        "fields": {
            "bandera": "islandia.png",
            "grup": 6,
            "nom": "Isl\u00e0ndia"
        },
        "model": "joc.equip",
        "pk": 22
    },
    {
        "fields": {
            "bandera": "austria.png",
            "grup": 6,
            "nom": "\u00c0ustria"
        },
        "model": "joc.equip",
        "pk": 23
    },
    {
        "fields": {
            "bandera": "hongria.png",
            "grup": 6,
            "nom": "Hongria"
        },
        "model": "joc.equip",
        "pk": 24
    },
    {
        "fields": {
            "diaihora": "2016-06-10T19:00:00Z",
            "equip1": 1,
            "equip2": 2,
            "estadi": "Stade de France, Saint-Denis",
            "grup": 1
        },
        "model": "joc.partit",
        "pk": 1
    },
    {
        "fields": {
            "diaihora": "2016-06-11T13:00:00Z",
            "equip1": 3,
            "equip2": 4,
            "estadi": "Stade Bollaert-Delelis, Lens Agglo",
            "grup": 1
        },
        "model": "joc.partit",
        "pk": 2
    },
    {
        "fields": {
            "diaihora": "2016-06-11T16:00:00Z",
            "equip1": 7,
            "equip2": 8,
            "estadi": "Stade de Bordeaux, Bordeaux",
            "grup": 2
        },
        "model": "joc.partit",
        "pk": 3
    },
    {
        "fields": {
            "diaihora": "2016-06-11T19:00:00Z",
            "equip1": 5,
            "equip2": 6,
            "estadi": "Stade V\u00e9lodrome, Marseille",
            "grup": 2
        },
        "model": "joc.partit",
        "pk": 4
    },
    {
        "fields": {
            "diaihora": "2016-06-12T13:00:00Z",
            "equip1": 15,
            "equip2": 16,
            "estadi": "Parc des Princes, Paris",
            "grup": 4
        },
        "model": "joc.partit",
        "pk": 5
    },
    {
        "fields": {
            "diaihora": "2016-06-12T16:00:00Z",
            "equip1": 11,
            "equip2": 12,
            "estadi": "Stade de Nice, Nice",
            "grup": 3
        },
        "model": "joc.partit",
        "pk": 6
    },
    {
        "fields": {
            "diaihora": "2016-06-12T19:00:00Z",
            "equip1": 9,
            "equip2": 10,
            "estadi": "Stade Pierre Mauroy, Lille M\u00e9tropole",
            "grup": 3
        },
        "model": "joc.partit",
        "pk": 7
    },
    {
        "fields": {
            "diaihora": "2016-06-13T13:00:00Z",
            "equip1": 13,
            "equip2": 14,
            "estadi": "Stadium de Toulouse, Toulouse",
            "grup": 4
        },
        "model": "joc.partit",
        "pk": 8
    },
    {
        "fields": {
            "diaihora": "2016-06-13T16:00:00Z",
            "equip1": 19,
            "equip2": 20,
            "estadi": "Stade de France, Saint-Denis",
            "grup": 5
        },
        "model": "joc.partit",
        "pk": 9
    },
    {
        "fields": {
            "diaihora": "2016-06-13T19:00:00Z",
            "equip1": 17,
            "equip2": 18,
            "estadi": "Stade de Lyon, Lyon",
            "grup": 5
        },
        "model": "joc.partit",
        "pk": 10
    },
    {
        "fields": {
            "diaihora": "2016-06-14T16:00:00Z",
            "equip1": 23,
            "equip2": 24,
            "estadi": "Stade de Bordeaux, Bordeaux",
            "grup": 6
        },
        "model": "joc.partit",
        "pk": 11
    },
    {
        "fields": {
            "diaihora": "2016-06-14T19:00:00Z",
            "equip1": 21,
            "equip2": 22,
            "estadi": "Stade Geoffroy Guichard, Saint-\u00c9tienne",
            "grup": 6
        },
        "model": "joc.partit",
        "pk": 12
    },
    {
        "fields": {
            "diaihora": "2016-06-15T13:00:00Z",
            "equip1": 6,
            "equip2": 8,
            "estadi": "Stade Pierre Mauroy, Lille M\u00e9tropole",
            "grup": 2
        },
        "model": "joc.partit",
        "pk": 13
    },
    {
        "fields": {
            "diaihora": "2016-06-15T16:00:00Z",
            "equip1": 2,
            "equip2": 4,
            "estadi": "Parc des Princes, Paris",
            "grup": 1
        },
        "model": "joc.partit",
        "pk": 14
    },
    {
        "fields": {
            "diaihora": "2016-06-15T19:00:00Z",
            "equip1": 1,
            "equip2": 3,
            "estadi": "Stade V\u00e9lodrome, Marseille",
            "grup": 1
        },
        "model": "joc.partit",
        "pk": 15
    },
    {
        "fields": {
            "diaihora": "2016-06-16T13:00:00Z",
            "equip1": 5,
            "equip2": 7,
            "estadi": "Stade Bollaert-Delelis, Lens Agglo",
            "grup": 2
        },
        "model": "joc.partit",
        "pk": 16
    },
    {
        "fields": {
            "diaihora": "2016-06-16T16:00:00Z",
            "equip1": 10,
            "equip2": 12,
            "estadi": "Stade de Lyon, Lyon",
            "grup": 3
        },
        "model": "joc.partit",
        "pk": 17
    },
    {
        "fields": {
            "diaihora": "2016-06-16T19:00:00Z",
            "equip1": 9,
            "equip2": 11,
            "estadi": "Stade de France, Saint-Denis",
            "grup": 3
        },
        "model": "joc.partit",
        "pk": 18
    },
    {
        "fields": {
            "diaihora": "2016-06-17T13:00:00Z",
            "equip1": 18,
            "equip2": 20,
            "estadi": "Stadium de Toulouse, Toulouse",
            "grup": 5
        },
        "model": "joc.partit",
        "pk": 19
    },
    {
        "fields": {
            "diaihora": "2016-06-17T16:00:00Z",
            "equip1": 14,
            "equip2": 16,
            "estadi": "Stade Geoffroy Guichard, Saint-\u00c9tienne",
            "grup": 4
        },
        "model": "joc.partit",
        "pk": 20
    },
    {
        "fields": {
            "diaihora": "2016-06-17T19:00:00Z",
            "equip1": 13,
            "equip2": 15,
            "estadi": "Stade de Nice, Nice",
            "grup": 4
        },
        "model": "joc.partit",
        "pk": 21
    },
    {
        "fields": {
            "diaihora": "2016-06-18T13:00:00Z",
            "equip1": 17,
            "equip2": 19,
            "estadi": "Stade de Bordeaux, Bordeaux",
            "grup": 5
        },
        "model": "joc.partit",
        "pk": 22
    },
    {
        "fields": {
            "diaihora": "2016-06-18T16:00:00Z",
            "equip1": 22,
            "equip2": 24,
            "estadi": "Stade V\u00e9lodrome, Marseille",
            "grup": 6
        },
        "model": "joc.partit",
        "pk": 23
    },
    {
        "fields": {
            "diaihora": "2016-06-18T19:00:00Z",
            "equip1": 21,
            "equip2": 23,
            "estadi": "Parc des Princes, Paris",
            "grup": 6
        },
        "model": "joc.partit",
        "pk": 24
    },
    {
        "fields": {
            "diaihora": "2016-06-19T19:00:00Z",
            "equip1": 2,
            "equip2": 3,
            "estadi": "Stade de Lyon, Lyon",
            "grup": 1
        },
        "model": "joc.partit",
        "pk": 25
    },
    {
        "fields": {
            "diaihora": "2016-06-19T19:00:00Z",
            "equip1": 4,
            "equip2": 1,
            "estadi": "Stade Pierre Mauroy, Lille M\u00e9tropole",
            "grup": 1
        },
        "model": "joc.partit",
        "pk": 26
    },
    {
        "fields": {
            "diaihora": "2016-06-20T19:00:00Z",
            "equip1": 6,
            "equip2": 7,
            "estadi": "Stadium de Toulouse, Toulouse",
            "grup": 2
        },
        "model": "joc.partit",
        "pk": 27
    },
    {
        "fields": {
            "diaihora": "2016-06-20T19:00:00Z",
            "equip1": 8,
            "equip2": 5,
            "estadi": "Stade Geoffroy Guichard, Saint-\u00c9tienne",
            "grup": 2
        },
        "model": "joc.partit",
        "pk": 28
    },
    {
        "fields": {
            "diaihora": "2016-06-21T16:00:00Z",
            "equip1": 10,
            "equip2": 11,
            "estadi": "Stade V\u00e9lodrome, Marseille",
            "grup": 3
        },
        "model": "joc.partit",
        "pk": 29
    },
    {
        "fields": {
            "diaihora": "2016-06-21T16:00:00Z",
            "equip1": 12,
            "equip2": 9,
            "estadi": "Parc des Princes, Paris",
            "grup": 3
        },
        "model": "joc.partit",
        "pk": 30
    },
    {
        "fields": {
            "diaihora": "2016-06-21T19:00:00Z",
            "equip1": 14,
            "equip2": 15,
            "estadi": "Stade Bollaert-Delelis, Lens Agglo",
            "grup": 4
        },
        "model": "joc.partit",
        "pk": 31
    },
    {
        "fields": {
            "diaihora": "2016-06-21T19:00:00Z",
            "equip1": 16,
            "equip2": 13,
            "estadi": "Stade de Bordeaux, Bordeaux",
            "grup": 4
        },
        "model": "joc.partit",
        "pk": 32
    },
    {
        "fields": {
            "diaihora": "2016-06-22T16:00:00Z",
            "equip1": 22,
            "equip2": 23,
            "estadi": "Stade de France, Saint-Denis",
            "grup": 6
        },
        "model": "joc.partit",
        "pk": 33
    },
    {
        "fields": {
            "diaihora": "2016-06-22T16:00:00Z",
            "equip1": 24,
            "equip2": 21,
            "estadi": "Stade de Lyon, Lyon",
            "grup": 6
        },
        "model": "joc.partit",
        "pk": 34
    },
    {
        "fields": {
            "diaihora": "2016-06-22T19:00:00Z",
            "equip1": 18,
            "equip2": 19,
            "estadi": "Stade Pierre Mauroy, Lille M\u00e9tropole",
            "grup": 5
        },
        "model": "joc.partit",
        "pk": 35
    },
    {
        "fields": {
            "diaihora": "2016-06-22T19:00:00Z",
            "equip1": 20,
            "equip2": 17,
            "estadi": "Stade de Nice, Nice",
            "grup": 5
        },
        "model": "joc.partit",
        "pk": 36
    },
    {
        "fields": {
            "diaihora": "2016-06-25T15:00:00Z",
            "estadi": "Stade Geoffroy Guichard, Saint-\u00c9tienne",
            "grup": 7
        },
        "model": "joc.partit",
        "pk": 37
    },
    {
        "fields": {
            "diaihora": "2016-06-25T18:00:00Z",
            "estadi": "Parc des Princes, Paris",
            "grup": 7
        },
        "model": "joc.partit",
        "pk": 38
    },
    {
        "fields": {
            "diaihora": "2016-06-25T21:00:00Z",
            "estadi": "Stade Bollaert-Delelis, Lens Agglo",
            "grup": 7
        },
        "model": "joc.partit",
        "pk": 39
    },
    {
        "fields": {
            "diaihora": "2016-06-26T15:00:00Z",
            "estadi": "Stade de Lyon, Lyon",
            "grup": 7
        },
        "model": "joc.partit",
        "pk": 40
    },
    {
        "fields": {
            "diaihora": "2016-06-26T18:00:00Z",
            "estadi": "Stade Pierre Mauroy, Lille M\u00e9tropole",
            "grup": 7
        },
        "model": "joc.partit",
        "pk": 41
    },
    {
        "fields": {
            "diaihora": "2016-06-26T21:00:00Z",
            "estadi": "Stadium de Toulouse, Toulouse",
            "grup": 7
        },
        "model": "joc.partit",
        "pk": 42
    },
    {
        "fields": {
            "diaihora": "2016-06-27T18:00:00Z",
            "estadi": "Stade de France, Saint-Denis",
            "grup": 7
        },
        "model": "joc.partit",
        "pk": 43
    },
    {
        "fields": {
            "diaihora": "2016-06-27T21:00:00Z",
            "estadi": "Stade de Nice, Nice",
            "grup": 7
        },
        "model": "joc.partit",
        "pk": 44
    },
    {
        "fields": {
            "diaihora": "2016-06-30T21:00:00Z",
            "estadi": "Stade V\u00e9lodrome, Marseille",
            "grup": 8
        },
        "model": "joc.partit",
        "pk": 45
    },
    {
        "fields": {
            "diaihora": "2016-07-01T21:00:00Z",
            "estadi": "Stade Pierre Mauroy, Lille M\u00e9tropole",
            "grup": 8
        },
        "model": "joc.partit",
        "pk": 46
    },
    {
        "fields": {
            "diaihora": "2016-07-02T21:00:00Z",
            "estadi": "Stade de Bordeaux, Bordeaux",
            "grup": 8
        },
        "model": "joc.partit",
        "pk": 47
    },
    {
        "fields": {
            "diaihora": "2016-07-03T21:00:00Z",
            "estadi": "Stade de France, Saint-Denis",
            "grup": 8
        },
        "model": "joc.partit",
        "pk": 48
    },
    {
        "fields": {
            "diaihora": "2016-07-06T21:00:00Z",
            "estadi": "Stade de Lyon, Lyon",
            "grup": 9
        },
        "model": "joc.partit",
        "pk": 49
    },
    {
        "fields": {
            "diaihora": "2016-07-07T21:00:00Z",
            "estadi": "Stade V\u00e9lodrome, Marseille",
            "grup": 9
        },
        "model": "joc.partit",
        "pk": 50
    },
    {
        "fields": {
            "diaihora": "2016-07-10T21:00:00Z",
            "estadi": "Stade de France, Saint-Denis",
            "grup": 10
        },
        "model": "joc.partit",
        "pk": 51
    },
    {
        "fields": {
            "codename": "add_logentry",
            "content_type": 1,
            "name": "Can add log entry"
        },
        "model": "auth.permission",
        "pk": 1
    },
    {
        "fields": {
            "codename": "change_logentry",
            "content_type": 1,
            "name": "Can change log entry"
        },
        "model": "auth.permission",
        "pk": 2
    },
    {
        "fields": {
            "codename": "delete_logentry",
            "content_type": 1,
            "name": "Can delete log entry"
        },
        "model": "auth.permission",
        "pk": 3
    },
    {
        "fields": {
            "codename": "add_permission",
            "content_type": 2,
            "name": "Can add permission"
        },
        "model": "auth.permission",
        "pk": 4
    },
    {
        "fields": {
            "codename": "change_permission",
            "content_type": 2,
            "name": "Can change permission"
        },
        "model": "auth.permission",
        "pk": 5
    },
    {
        "fields": {
            "codename": "delete_permission",
            "content_type": 2,
            "name": "Can delete permission"
        },
        "model": "auth.permission",
        "pk": 6
    },
    {
        "fields": {
            "codename": "add_group",
            "content_type": 3,
            "name": "Can add group"
        },
        "model": "auth.permission",
        "pk": 7
    },
    {
        "fields": {
            "codename": "change_group",
            "content_type": 3,
            "name": "Can change group"
        },
        "model": "auth.permission",
        "pk": 8
    },
    {
        "fields": {
            "codename": "delete_group",
            "content_type": 3,
            "name": "Can delete group"
        },
        "model": "auth.permission",
        "pk": 9
    },
    {
        "fields": {
            "codename": "add_user",
            "content_type": 4,
            "name": "Can add user"
        },
        "model": "auth.permission",
        "pk": 10
    },
    {
        "fields": {
            "codename": "change_user",
            "content_type": 4,
            "name": "Can change user"
        },
        "model": "auth.permission",
        "pk": 11
    },
    {
        "fields": {
            "codename": "delete_user",
            "content_type": 4,
            "name": "Can delete user"
        },
        "model": "auth.permission",
        "pk": 12
    },
    {
        "fields": {
            "codename": "add_contenttype",
            "content_type": 5,
            "name": "Can add content type"
        },
        "model": "auth.permission",
        "pk": 13
    },
    {
        "fields": {
            "codename": "change_contenttype",
            "content_type": 5,
            "name": "Can change content type"
        },
        "model": "auth.permission",
        "pk": 14
    },
    {
        "fields": {
            "codename": "delete_contenttype",
            "content_type": 5,
            "name": "Can delete content type"
        },
        "model": "auth.permission",
        "pk": 15
    },
    {
        "fields": {
            "codename": "add_session",
            "content_type": 6,
            "name": "Can add session"
        },
        "model": "auth.permission",
        "pk": 16
    },
    {
        "fields": {
            "codename": "change_session",
            "content_type": 6,
            "name": "Can change session"
        },
        "model": "auth.permission",
        "pk": 17
    },
    {
        "fields": {
            "codename": "delete_session",
            "content_type": 6,
            "name": "Can delete session"
        },
        "model": "auth.permission",
        "pk": 18
    },
    {
        "fields": {
            "codename": "add_jugador",
            "content_type": 7,
            "name": "Can add jugador"
        },
        "model": "auth.permission",
        "pk": 19
    },
    {
        "fields": {
            "codename": "change_jugador",
            "content_type": 7,
            "name": "Can change jugador"
        },
        "model": "auth.permission",
        "pk": 20
    },
    {
        "fields": {
            "codename": "delete_jugador",
            "content_type": 7,
            "name": "Can delete jugador"
        },
        "model": "auth.permission",
        "pk": 21
    },
    {
        "fields": {
            "codename": "add_grup",
            "content_type": 8,
            "name": "Can add grup"
        },
        "model": "auth.permission",
        "pk": 22
    },
    {
        "fields": {
            "codename": "change_grup",
            "content_type": 8,
            "name": "Can change grup"
        },
        "model": "auth.permission",
        "pk": 23
    },
    {
        "fields": {
            "codename": "delete_grup",
            "content_type": 8,
            "name": "Can delete grup"
        },
        "model": "auth.permission",
        "pk": 24
    },
    {
        "fields": {
            "codename": "add_equip",
            "content_type": 9,
            "name": "Can add equip"
        },
        "model": "auth.permission",
        "pk": 25
    },
    {
        "fields": {
            "codename": "change_equip",
            "content_type": 9,
            "name": "Can change equip"
        },
        "model": "auth.permission",
        "pk": 26
    },
    {
        "fields": {
            "codename": "delete_equip",
            "content_type": 9,
            "name": "Can delete equip"
        },
        "model": "auth.permission",
        "pk": 27
    },
    {
        "fields": {
            "codename": "add_pronosticequipgrup",
            "content_type": 10,
            "name": "Can add pronostic equip grup"
        },
        "model": "auth.permission",
        "pk": 28
    },
    {
        "fields": {
            "codename": "change_pronosticequipgrup",
            "content_type": 10,
            "name": "Can change pronostic equip grup"
        },
        "model": "auth.permission",
        "pk": 29
    },
    {
        "fields": {
            "codename": "delete_pronosticequipgrup",
            "content_type": 10,
            "name": "Can delete pronostic equip grup"
        },
        "model": "auth.permission",
        "pk": 30
    },
    {
        "fields": {
            "codename": "add_partit",
            "content_type": 11,
            "name": "Can add partit"
        },
        "model": "auth.permission",
        "pk": 31
    },
    {
        "fields": {
            "codename": "change_partit",
            "content_type": 11,
            "name": "Can change partit"
        },
        "model": "auth.permission",
        "pk": 32
    },
    {
        "fields": {
            "codename": "delete_partit",
            "content_type": 11,
            "name": "Can delete partit"
        },
        "model": "auth.permission",
        "pk": 33
    },
    {
        "fields": {
            "codename": "add_pronosticpartit",
            "content_type": 12,
            "name": "Can add pronostic partit"
        },
        "model": "auth.permission",
        "pk": 34
    },
    {
        "fields": {
            "codename": "change_pronosticpartit",
            "content_type": 12,
            "name": "Can change pronostic partit"
        },
        "model": "auth.permission",
        "pk": 35
    },
    {
        "fields": {
            "codename": "delete_pronosticpartit",
            "content_type": 12,
            "name": "Can delete pronostic partit"
        },
        "model": "auth.permission",
        "pk": 36
    },
    {
        "fields": {
            "date_joined": "2015-12-13T23:13:08.828Z",
            "email": "xjaner@gmail.com",
            "first_name": "",
            "groups": [],
            "is_active": true,
            "is_staff": true,
            "is_superuser": true,
            "last_login": "2015-12-13T23:13:22.446Z",
            "last_name": "",
            "password": "pbkdf2_sha256$20000$WxnSqsSIFASr$VY685q5+ksytFGh/rkV/efqKPu0gfXgs/xY4aw5dJ/U=",
            "user_permissions": [],
            "username": "euro2016"
        },
        "model": "auth.user",
        "pk": 1
    },
    {
        "fields": {
            "action_flag": 1,
            "action_time": "2015-12-18T19:23:59.641Z",
            "change_message": "",
            "content_type": 11,
            "object_id": "8",
            "object_repr": "[8- D] Espanya - Rep\u00fablica Txeca",
            "user": 1
        },
        "model": "admin.logentry",
        "pk": 1
    },
    {
        "fields": {
            "action_flag": 1,
            "action_time": "2015-12-18T19:25:00.674Z",
            "change_message": "",
            "content_type": 11,
            "object_id": "9",
            "object_repr": "[9- E] Irlanda - Su\u00e8cia",
            "user": 1
        },
        "model": "admin.logentry",
        "pk": 2
    },
    {
        "fields": {
            "action_flag": 1,
            "action_time": "2015-12-18T19:25:40.073Z",
            "change_message": "",
            "content_type": 11,
            "object_id": "10",
            "object_repr": "[10- E] B\u00e8lgica - It\u00e0lia",
            "user": 1
        },
        "model": "admin.logentry",
        "pk": 3
    },
    {
        "fields": {
            "action_flag": 1,
            "action_time": "2015-12-18T19:26:40.615Z",
            "change_message": "",
            "content_type": 11,
            "object_id": "11",
            "object_repr": "[11- F] \u00c0ustria - Hongria",
            "user": 1
        },
        "model": "admin.logentry",
        "pk": 4
    },
    {
        "fields": {
            "action_flag": 1,
            "action_time": "2015-12-18T19:27:33.402Z",
            "change_message": "",
            "content_type": 11,
            "object_id": "12",
            "object_repr": "[12- F] Portugal - Isl\u00e0ndia",
            "user": 1
        },
        "model": "admin.logentry",
        "pk": 5
    },
    {
        "fields": {
            "action_flag": 1,
            "action_time": "2015-12-18T19:28:20.817Z",
            "change_message": "",
            "content_type": 11,
            "object_id": "13",
            "object_repr": "[13- B] R\u00fassia - Eslov\u00e0quia",
            "user": 1
        },
        "model": "admin.logentry",
        "pk": 6
    },
    {
        "fields": {
            "action_flag": 1,
            "action_time": "2015-12-18T19:28:56.313Z",
            "change_message": "",
            "content_type": 11,
            "object_id": "14",
            "object_repr": "[14- A] Romania - Su\u00efssa",
            "user": 1
        },
        "model": "admin.logentry",
        "pk": 7
    },
    {
        "fields": {
            "action_flag": 1,
            "action_time": "2015-12-18T19:29:19.744Z",
            "change_message": "",
            "content_type": 11,
            "object_id": "15",
            "object_repr": "[15- A] Fran\u00e7a - Alb\u00e0nia",
            "user": 1
        },
        "model": "admin.logentry",
        "pk": 8
    },
    {
        "fields": {
            "action_flag": 1,
            "action_time": "2015-12-18T19:32:39.246Z",
            "change_message": "",
            "content_type": 11,
            "object_id": "16",
            "object_repr": "[16- B] Anglaterra - Ga\u0140les",
            "user": 1
        },
        "model": "admin.logentry",
        "pk": 9
    },
    {
        "fields": {
            "action_flag": 1,
            "action_time": "2015-12-18T19:33:14.716Z",
            "change_message": "",
            "content_type": 11,
            "object_id": "17",
            "object_repr": "[17- C] Ucra\u00efna - Irlanda del Nord",
            "user": 1
        },
        "model": "admin.logentry",
        "pk": 10
    },
    {
        "fields": {
            "action_flag": 1,
            "action_time": "2015-12-18T19:33:34.261Z",
            "change_message": "",
            "content_type": 11,
            "object_id": "18",
            "object_repr": "[18- C] Alemanya - Pol\u00f2nia",
            "user": 1
        },
        "model": "admin.logentry",
        "pk": 11
    },
    {
        "fields": {
            "action_flag": 1,
            "action_time": "2015-12-18T19:34:09.695Z",
            "change_message": "",
            "content_type": 11,
            "object_id": "19",
            "object_repr": "[19- E] It\u00e0lia - Su\u00e8cia",
            "user": 1
        },
        "model": "admin.logentry",
        "pk": 12
    },
    {
        "fields": {
            "action_flag": 1,
            "action_time": "2015-12-18T19:34:35.607Z",
            "change_message": "",
            "content_type": 11,
            "object_id": "20",
            "object_repr": "[20- D] Rep\u00fablica Txeca - Cro\u00e0cia",
            "user": 1
        },
        "model": "admin.logentry",
        "pk": 13
    },
    {
        "fields": {
            "action_flag": 1,
            "action_time": "2015-12-18T19:34:59.478Z",
            "change_message": "",
            "content_type": 11,
            "object_id": "21",
            "object_repr": "[21- D] Espanya - Turquia",
            "user": 1
        },
        "model": "admin.logentry",
        "pk": 14
    },
    {
        "fields": {
            "action_flag": 1,
            "action_time": "2015-12-18T19:35:31.099Z",
            "change_message": "",
            "content_type": 11,
            "object_id": "22",
            "object_repr": "[22- E] B\u00e8lgica - Irlanda",
            "user": 1
        },
        "model": "admin.logentry",
        "pk": 15
    },
    {
        "fields": {
            "action_flag": 1,
            "action_time": "2015-12-18T19:35:53.948Z",
            "change_message": "",
            "content_type": 11,
            "object_id": "23",
            "object_repr": "[23- F] Isl\u00e0ndia - Hongria",
            "user": 1
        },
        "model": "admin.logentry",
        "pk": 16
    },
    {
        "fields": {
            "action_flag": 1,
            "action_time": "2015-12-18T19:36:21.933Z",
            "change_message": "",
            "content_type": 11,
            "object_id": "24",
            "object_repr": "[24- F] Portugal - \u00c0ustria",
            "user": 1
        },
        "model": "admin.logentry",
        "pk": 17
    },
    {
        "fields": {
            "action_flag": 1,
            "action_time": "2015-12-18T19:37:07.943Z",
            "change_message": "",
            "content_type": 11,
            "object_id": "25",
            "object_repr": "[25- A] Romania - Alb\u00e0nia",
            "user": 1
        },
        "model": "admin.logentry",
        "pk": 18
    },
    {
        "fields": {
            "action_flag": 1,
            "action_time": "2015-12-18T19:37:28.015Z",
            "change_message": "",
            "content_type": 11,
            "object_id": "26",
            "object_repr": "[26- A] Su\u00efssa - Fran\u00e7a",
            "user": 1
        },
        "model": "admin.logentry",
        "pk": 19
    },
    {
        "fields": {
            "action_flag": 1,
            "action_time": "2015-12-18T19:37:53.430Z",
            "change_message": "",
            "content_type": 11,
            "object_id": "27",
            "object_repr": "[27- B] R\u00fassia - Ga\u0140les",
            "user": 1
        },
        "model": "admin.logentry",
        "pk": 20
    },
    {
        "fields": {
            "action_flag": 1,
            "action_time": "2015-12-18T19:38:14.657Z",
            "change_message": "",
            "content_type": 11,
            "object_id": "28",
            "object_repr": "[28- B] Eslov\u00e0quia - Anglaterra",
            "user": 1
        },
        "model": "admin.logentry",
        "pk": 21
    },
    {
        "fields": {
            "action_flag": 1,
            "action_time": "2015-12-18T19:38:43.672Z",
            "change_message": "",
            "content_type": 11,
            "object_id": "29",
            "object_repr": "[29- C] Ucra\u00efna - Pol\u00f2nia",
            "user": 1
        },
        "model": "admin.logentry",
        "pk": 22
    },
    {
        "fields": {
            "action_flag": 1,
            "action_time": "2015-12-18T19:39:01.591Z",
            "change_message": "",
            "content_type": 11,
            "object_id": "30",
            "object_repr": "[30- C] Irlanda del Nord - Alemanya",
            "user": 1
        },
        "model": "admin.logentry",
        "pk": 23
    },
    {
        "fields": {
            "action_flag": 1,
            "action_time": "2015-12-18T19:39:26.934Z",
            "change_message": "",
            "content_type": 11,
            "object_id": "31",
            "object_repr": "[31- D] Rep\u00fablica Txeca - Turquia",
            "user": 1
        },
        "model": "admin.logentry",
        "pk": 24
    },
    {
        "fields": {
            "action_flag": 1,
            "action_time": "2015-12-18T19:39:44.911Z",
            "change_message": "",
            "content_type": 11,
            "object_id": "32",
            "object_repr": "[32- D] Cro\u00e0cia - Espanya",
            "user": 1
        },
        "model": "admin.logentry",
        "pk": 25
    },
    {
        "fields": {
            "action_flag": 1,
            "action_time": "2015-12-18T19:40:13.739Z",
            "change_message": "",
            "content_type": 11,
            "object_id": "33",
            "object_repr": "[33- F] Isl\u00e0ndia - \u00c0ustria",
            "user": 1
        },
        "model": "admin.logentry",
        "pk": 26
    },
    {
        "fields": {
            "action_flag": 1,
            "action_time": "2015-12-18T19:40:35.641Z",
            "change_message": "",
            "content_type": 11,
            "object_id": "34",
            "object_repr": "[34- F] Hongria - Portugal",
            "user": 1
        },
        "model": "admin.logentry",
        "pk": 27
    },
    {
        "fields": {
            "action_flag": 1,
            "action_time": "2015-12-18T19:40:57.592Z",
            "change_message": "",
            "content_type": 11,
            "object_id": "35",
            "object_repr": "[35- E] It\u00e0lia - Irlanda",
            "user": 1
        },
        "model": "admin.logentry",
        "pk": 28
    },
    {
        "fields": {
            "action_flag": 1,
            "action_time": "2015-12-18T19:41:19.125Z",
            "change_message": "",
            "content_type": 11,
            "object_id": "36",
            "object_repr": "[36- E] Su\u00e8cia - B\u00e8lgica",
            "user": 1
        },
        "model": "admin.logentry",
        "pk": 29
    }
]
