[{"fields": {"model": "logentry", "app_label": "admin"}, "model": "contenttypes.contenttype", "pk": 1}, {"fields": {"model": "permission", "app_label": "auth"}, "model": "contenttypes.contenttype", "pk": 2}, {"fields": {"model": "group", "app_label": "auth"}, "model": "contenttypes.contenttype", "pk": 3}, {"fields": {"model": "user", "app_label": "auth"}, "model": "contenttypes.contenttype", "pk": 4}, {"fields": {"model": "contenttype", "app_label": "contenttypes"}, "model": "contenttypes.contenttype", "pk": 5}, {"fields": {"model": "session", "app_label": "sessions"}, "model": "contenttypes.contenttype", "pk": 6}, {"fields": {"model": "jugador", "app_label": "joc"}, "model": "contenttypes.contenttype", "pk": 7}, {"fields": {"model": "grup", "app_label": "joc"}, "model": "contenttypes.contenttype", "pk": 8}, {"fields": {"model": "equip", "app_label": "joc"}, "model": "contenttypes.contenttype", "pk": 9}, {"fields": {"model": "pronosticequipgrup", "app_label": "joc"}, "model": "contenttypes.contenttype", "pk": 10}, {"fields": {"model": "partit", "app_label": "joc"}, "model": "contenttypes.contenttype", "pk": 11}, {"fields": {"model": "pronosticpartit", "app_label": "joc"}, "model": "contenttypes.contenttype", "pk": 12}, {"fields": {"expire_date": "2015-12-27T23:13:22.448Z", "session_data": "ZmNiNTZhNzNiZWJkMWU1NzZhMThmZDg4N2JjZTU4M2I1NjcxNjE3Zjp7Il9hdXRoX3VzZXJfaGFzaCI6Ijk3MGEwNzEwNjE3MjcxZDkxMDkwN2U0YmE0NjE0NTUyYTg5ZWFhN2YiLCJfYXV0aF91c2VyX2JhY2tlbmQiOiJkamFuZ28uY29udHJpYi5hdXRoLmJhY2tlbmRzLk1vZGVsQmFja2VuZCIsIl9hdXRoX3VzZXJfaWQiOiIxIn0="}, "model": "sessions.session", "pk": "puzobnuq9lkflfaajo7lymh1qwc2ud42"}, {"fields": {"nom": "A"}, "model": "joc.grup", "pk": 1}, {"fields": {"nom": "B"}, "model": "joc.grup", "pk": 2}, {"fields": {"nom": "C"}, "model": "joc.grup", "pk": 3}, {"fields": {"nom": "D"}, "model": "joc.grup", "pk": 4}, {"fields": {"nom": "E"}, "model": "joc.grup", "pk": 5}, {"fields": {"nom": "F"}, "model": "joc.grup", "pk": 6}, {"fields": {"nom": "Fran\u00e7a", "bandera": "franca.png", "grup": 1}, "model": "joc.equip", "pk": 1}, {"fields": {"nom": "Romania", "bandera": "romania.png", "grup": 1}, "model": "joc.equip", "pk": 2}, {"fields": {"nom": "Alb\u00e0nia", "bandera": "albania.png", "grup": 1}, "model": "joc.equip", "pk": 3}, {"fields": {"nom": "Su\u00efssa", "bandera": "suissa.png", "grup": 1}, "model": "joc.equip", "pk": 4}, {"fields": {"nom": "Anglaterra", "bandera": "anglaterra.png", "grup": 2}, "model": "joc.equip", "pk": 5}, {"fields": {"nom": "R\u00fassia", "bandera": "russia.png", "grup": 2}, "model": "joc.equip", "pk": 6}, {"fields": {"nom": "Ga\u0140les", "bandera": "gales.png", "grup": 2}, "model": "joc.equip", "pk": 7}, {"fields": {"nom": "Eslov\u00e0quia", "bandera": "eslovaquia.png", "grup": 2}, "model": "joc.equip", "pk": 8}, {"fields": {"nom": "Alemanya", "bandera": "alemanya.png", "grup": 3}, "model": "joc.equip", "pk": 9}, {"fields": {"nom": "Ucra\u00efna", "bandera": "ucraina.png", "grup": 3}, "model": "joc.equip", "pk": 10}, {"fields": {"nom": "Pol\u00f2nia", "bandera": "polonia.png", "grup": 3}, "model": "joc.equip", "pk": 11}, {"fields": {"nom": "Irlanda del Nord", "bandera": "irlandadelnord.png", "grup": 3}, "model": "joc.equip", "pk": 12}, {"fields": {"nom": "Espanya", "bandera": "espanya.png", "grup": 4}, "model": "joc.equip", "pk": 13}, {"fields": {"nom": "Rep\u00fablica Txeca", "bandera": "republicatxeca.png", "grup": 4}, "model": "joc.equip", "pk": 14}, {"fields": {"nom": "Turquia", "bandera": "turquia.png", "grup": 4}, "model": "joc.equip", "pk": 15}, {"fields": {"nom": "Cro\u00e0cia", "bandera": "croacia.png", "grup": 4}, "model": "joc.equip", "pk": 16}, {"fields": {"nom": "B\u00e8lgica", "bandera": "belgica.png", "grup": 5}, "model": "joc.equip", "pk": 17}, {"fields": {"nom": "It\u00e0lia", "bandera": "italia.png", "grup": 5}, "model": "joc.equip", "pk": 18}, {"fields": {"nom": "Irlanda", "bandera": "irlanda.png", "grup": 5}, "model": "joc.equip", "pk": 19}, {"fields": {"nom": "Su\u00e8cia", "bandera": "suecia.png", "grup": 5}, "model": "joc.equip", "pk": 20}, {"fields": {"nom": "Portugal", "bandera": "portugal.png", "grup": 6}, "model": "joc.equip", "pk": 21}, {"fields": {"nom": "Isl\u00e0ndia", "bandera": "islandia.png", "grup": 6}, "model": "joc.equip", "pk": 22}, {"fields": {"nom": "\u00c0ustria", "bandera": "austria.png", "grup": 6}, "model": "joc.equip", "pk": 23}, {"fields": {"nom": "Hongria", "bandera": "hongria.png", "grup": 6}, "model": "joc.equip", "pk": 24}, {"fields": {"equip2": 2, "estadi": "Stade de France, Saint-Denis", "equip1": 1, "grup": 1, "diaihora": "2015-06-10T19:00:00Z"}, "model": "joc.partit", "pk": 1}, {"fields": {"equip2": 4, "estadi": "Stade Bollaert-Delelis, Lens Agglo", "equip1": 3, "grup": 1, "diaihora": "2015-06-11T13:00:00Z"}, "model": "joc.partit", "pk": 2}, {"fields": {"equip2": 8, "estadi": "Stade de Bordeaux, Bordeaux", "equip1": 7, "grup": 2, "diaihora": "2015-06-11T16:00:00Z"}, "model": "joc.partit", "pk": 3}, {"fields": {"equip2": 6, "estadi": "Stade V\u00e9lodrome, Marseille", "equip1": 5, "grup": 2, "diaihora": "2015-06-11T19:00:00Z"}, "model": "joc.partit", "pk": 4}, {"fields": {"equip2": 16, "estadi": "Parc des Princes, Paris", "equip1": 15, "grup": 4, "diaihora": "2015-06-12T13:00:00Z"}, "model": "joc.partit", "pk": 5}, {"fields": {"equip2": 12, "estadi": "Stade de Nice, Nice", "equip1": 11, "grup": 3, "diaihora": "2015-06-12T16:00:00Z"}, "model": "joc.partit", "pk": 6}, {"fields": {"equip2": 10, "estadi": "Stade Pierre Mauroy, Lille M\u00e9tropole", "equip1": 9, "grup": 3, "diaihora": "2015-06-12T19:00:00Z"}, "model": "joc.partit", "pk": 7}, {"fields": {"equip2": 14, "estadi": "Stadium de Tolouse, Tolouse", "equip1": 13, "grup": 4, "diaihora": "2016-06-13T13:00:00Z"}, "model": "joc.partit", "pk": 8}, {"fields": {"equip2": 20, "estadi": "Stade de France, Saint-Denis", "equip1": 19, "grup": 5, "diaihora": "2016-06-13T16:00:00Z"}, "model": "joc.partit", "pk": 9}, {"fields": {"equip2": 18, "estadi": "Stade de Lyon, Lyon", "equip1": 17, "grup": 5, "diaihora": "2016-06-13T19:00:00Z"}, "model": "joc.partit", "pk": 10}, {"fields": {"equip2": 24, "estadi": "Stade de Bordeaux, Bordeaux", "equip1": 23, "grup": 6, "diaihora": "2016-06-14T16:00:00Z"}, "model": "joc.partit", "pk": 11}, {"fields": {"equip2": 22, "estadi": "Stade Geoffroy Guichard, Saint-\u00c9tienne", "equip1": 21, "grup": 6, "diaihora": "2016-06-14T19:00:00Z"}, "model": "joc.partit", "pk": 12}, {"fields": {"equip2": 8, "estadi": "Stade Pierre Mauroy, Lille M\u00e9tropole", "equip1": 6, "grup": 2, "diaihora": "2016-06-15T13:00:00Z"}, "model": "joc.partit", "pk": 13}, {"fields": {"equip2": 4, "estadi": "Parc des Princes, Paris", "equip1": 2, "grup": 1, "diaihora": "2016-06-15T16:00:00Z"}, "model": "joc.partit", "pk": 14}, {"fields": {"equip2": 3, "estadi": "Stade V\u00e9lodrome, Marseille", "equip1": 1, "grup": 1, "diaihora": "2016-06-15T19:00:00Z"}, "model": "joc.partit", "pk": 15}, {"fields": {"equip2": 7, "estadi": "Stade Bollaert-Delelis, Lens Agglo", "equip1": 5, "grup": 2, "diaihora": "2016-06-16T13:00:00Z"}, "model": "joc.partit", "pk": 16}, {"fields": {"equip2": 12, "estadi": "Stade de Lyon, Lyon", "equip1": 10, "grup": 3, "diaihora": "2016-06-16T16:00:00Z"}, "model": "joc.partit", "pk": 17}, {"fields": {"equip2": 11, "estadi": "Stade de France, Saint-Denis", "equip1": 9, "grup": 3, "diaihora": "2016-06-16T19:00:00Z"}, "model": "joc.partit", "pk": 18}, {"fields": {"equip2": 20, "estadi": "Stadium de Tolouse, Tolouse", "equip1": 18, "grup": 5, "diaihora": "2016-06-17T13:00:00Z"}, "model": "joc.partit", "pk": 19}, {"fields": {"equip2": 16, "estadi": "Stade Geoffroy Guichard, Saint-\u00c9tienne", "equip1": 14, "grup": 4, "diaihora": "2016-06-17T16:00:00Z"}, "model": "joc.partit", "pk": 20}, {"fields": {"equip2": 15, "estadi": "Stade de Nice, Nice", "equip1": 13, "grup": 4, "diaihora": "2016-06-17T19:00:00Z"}, "model": "joc.partit", "pk": 21}, {"fields": {"equip2": 19, "estadi": "Stade de Bordeaux, Bordeaux", "equip1": 17, "grup": 5, "diaihora": "2016-06-18T13:00:00Z"}, "model": "joc.partit", "pk": 22}, {"fields": {"equip2": 24, "estadi": "Stade V\u00e9lodrome, Marseille", "equip1": 22, "grup": 6, "diaihora": "2016-06-18T16:00:00Z"}, "model": "joc.partit", "pk": 23}, {"fields": {"equip2": 23, "estadi": "Parc des Princes, Paris", "equip1": 21, "grup": 6, "diaihora": "2016-06-18T19:00:00Z"}, "model": "joc.partit", "pk": 24}, {"fields": {"equip2": 3, "estadi": "Stade de Lyon, Lyon", "equip1": 2, "grup": 1, "diaihora": "2016-06-19T19:00:00Z"}, "model": "joc.partit", "pk": 25}, {"fields": {"equip2": 1, "estadi": "Stade Pierre Mauroy, Lille M\u00e9tropole", "equip1": 4, "grup": 1, "diaihora": "2016-06-19T19:00:00Z"}, "model": "joc.partit", "pk": 26}, {"fields": {"equip2": 7, "estadi": "Stadium de Tolouse, Tolouse", "equip1": 6, "grup": 2, "diaihora": "2016-06-20T19:00:00Z"}, "model": "joc.partit", "pk": 27}, {"fields": {"equip2": 5, "estadi": "Stade Geoffroy Guichard, Saint-\u00c9tienne", "equip1": 8, "grup": 2, "diaihora": "2016-06-20T19:00:00Z"}, "model": "joc.partit", "pk": 28}, {"fields": {"equip2": 11, "estadi": "Stade V\u00e9lodrome, Marseille", "equip1": 10, "grup": 3, "diaihora": "2016-06-21T16:00:00Z"}, "model": "joc.partit", "pk": 29}, {"fields": {"equip2": 9, "estadi": "Parc des Princes, Paris", "equip1": 12, "grup": 3, "diaihora": "2016-06-21T16:00:00Z"}, "model": "joc.partit", "pk": 30}, {"fields": {"equip2": 15, "estadi": "Stade Bollaert-Delelis, Lens Agglo", "equip1": 14, "grup": 4, "diaihora": "2016-06-21T19:00:00Z"}, "model": "joc.partit", "pk": 31}, {"fields": {"equip2": 13, "estadi": "Stade de Bordeaux, Bordeaux", "equip1": 16, "grup": 4, "diaihora": "2016-06-21T19:00:00Z"}, "model": "joc.partit", "pk": 32}, {"fields": {"equip2": 23, "estadi": "Stade de France, Saint-Denis", "equip1": 22, "grup": 6, "diaihora": "2016-06-22T16:00:00Z"}, "model": "joc.partit", "pk": 33}, {"fields": {"equip2": 21, "estadi": "Stade de Lyon, Lyon", "equip1": 24, "grup": 6, "diaihora": "2016-06-22T16:00:00Z"}, "model": "joc.partit", "pk": 34}, {"fields": {"equip2": 19, "estadi": "Stade Pierre Mauroy, Lille M\u00e9tropole", "equip1": 18, "grup": 5, "diaihora": "2016-06-22T19:00:00Z"}, "model": "joc.partit", "pk": 35}, {"fields": {"equip2": 17, "estadi": "Stade de Nice, Nice", "equip1": 20, "grup": 5, "diaihora": "2016-06-22T19:00:00Z"}, "model": "joc.partit", "pk": 36}, {"fields": {"codename": "add_logentry", "name": "Can add log entry", "content_type": 1}, "model": "auth.permission", "pk": 1}, {"fields": {"codename": "change_logentry", "name": "Can change log entry", "content_type": 1}, "model": "auth.permission", "pk": 2}, {"fields": {"codename": "delete_logentry", "name": "Can delete log entry", "content_type": 1}, "model": "auth.permission", "pk": 3}, {"fields": {"codename": "add_permission", "name": "Can add permission", "content_type": 2}, "model": "auth.permission", "pk": 4}, {"fields": {"codename": "change_permission", "name": "Can change permission", "content_type": 2}, "model": "auth.permission", "pk": 5}, {"fields": {"codename": "delete_permission", "name": "Can delete permission", "content_type": 2}, "model": "auth.permission", "pk": 6}, {"fields": {"codename": "add_group", "name": "Can add group", "content_type": 3}, "model": "auth.permission", "pk": 7}, {"fields": {"codename": "change_group", "name": "Can change group", "content_type": 3}, "model": "auth.permission", "pk": 8}, {"fields": {"codename": "delete_group", "name": "Can delete group", "content_type": 3}, "model": "auth.permission", "pk": 9}, {"fields": {"codename": "add_user", "name": "Can add user", "content_type": 4}, "model": "auth.permission", "pk": 10}, {"fields": {"codename": "change_user", "name": "Can change user", "content_type": 4}, "model": "auth.permission", "pk": 11}, {"fields": {"codename": "delete_user", "name": "Can delete user", "content_type": 4}, "model": "auth.permission", "pk": 12}, {"fields": {"codename": "add_contenttype", "name": "Can add content type", "content_type": 5}, "model": "auth.permission", "pk": 13}, {"fields": {"codename": "change_contenttype", "name": "Can change content type", "content_type": 5}, "model": "auth.permission", "pk": 14}, {"fields": {"codename": "delete_contenttype", "name": "Can delete content type", "content_type": 5}, "model": "auth.permission", "pk": 15}, {"fields": {"codename": "add_session", "name": "Can add session", "content_type": 6}, "model": "auth.permission", "pk": 16}, {"fields": {"codename": "change_session", "name": "Can change session", "content_type": 6}, "model": "auth.permission", "pk": 17}, {"fields": {"codename": "delete_session", "name": "Can delete session", "content_type": 6}, "model": "auth.permission", "pk": 18}, {"fields": {"codename": "add_jugador", "name": "Can add jugador", "content_type": 7}, "model": "auth.permission", "pk": 19}, {"fields": {"codename": "change_jugador", "name": "Can change jugador", "content_type": 7}, "model": "auth.permission", "pk": 20}, {"fields": {"codename": "delete_jugador", "name": "Can delete jugador", "content_type": 7}, "model": "auth.permission", "pk": 21}, {"fields": {"codename": "add_grup", "name": "Can add grup", "content_type": 8}, "model": "auth.permission", "pk": 22}, {"fields": {"codename": "change_grup", "name": "Can change grup", "content_type": 8}, "model": "auth.permission", "pk": 23}, {"fields": {"codename": "delete_grup", "name": "Can delete grup", "content_type": 8}, "model": "auth.permission", "pk": 24}, {"fields": {"codename": "add_equip", "name": "Can add equip", "content_type": 9}, "model": "auth.permission", "pk": 25}, {"fields": {"codename": "change_equip", "name": "Can change equip", "content_type": 9}, "model": "auth.permission", "pk": 26}, {"fields": {"codename": "delete_equip", "name": "Can delete equip", "content_type": 9}, "model": "auth.permission", "pk": 27}, {"fields": {"codename": "add_pronosticequipgrup", "name": "Can add pronostic equip grup", "content_type": 10}, "model": "auth.permission", "pk": 28}, {"fields": {"codename": "change_pronosticequipgrup", "name": "Can change pronostic equip grup", "content_type": 10}, "model": "auth.permission", "pk": 29}, {"fields": {"codename": "delete_pronosticequipgrup", "name": "Can delete pronostic equip grup", "content_type": 10}, "model": "auth.permission", "pk": 30}, {"fields": {"codename": "add_partit", "name": "Can add partit", "content_type": 11}, "model": "auth.permission", "pk": 31}, {"fields": {"codename": "change_partit", "name": "Can change partit", "content_type": 11}, "model": "auth.permission", "pk": 32}, {"fields": {"codename": "delete_partit", "name": "Can delete partit", "content_type": 11}, "model": "auth.permission", "pk": 33}, {"fields": {"codename": "add_pronosticpartit", "name": "Can add pronostic partit", "content_type": 12}, "model": "auth.permission", "pk": 34}, {"fields": {"codename": "change_pronosticpartit", "name": "Can change pronostic partit", "content_type": 12}, "model": "auth.permission", "pk": 35}, {"fields": {"codename": "delete_pronosticpartit", "name": "Can delete pronostic partit", "content_type": 12}, "model": "auth.permission", "pk": 36}, {"fields": {"username": "euro2016", "first_name": "", "last_name": "", "is_active": true, "is_superuser": true, "is_staff": true, "last_login": "2015-12-13T23:13:22.446Z", "groups": [], "user_permissions": [], "password": "pbkdf2_sha256$20000$M819zKbO0o3y$hJSgCQUihGvcwh2koZwNHN73/+OEUXJH2OiwESpS9J8=", "email": "xjaner@gmail.com", "date_joined": "2015-12-13T23:13:08.828Z"}, "model": "auth.user", "pk": 1}, {"fields": {"action_flag": 1, "action_time": "2015-12-18T19:23:59.641Z", "object_repr": "[8- D] Espanya - Rep\u00fablica Txeca", "object_id": "8", "change_message": "", "user": 1, "content_type": 11}, "model": "admin.logentry", "pk": 1}, {"fields": {"action_flag": 1, "action_time": "2015-12-18T19:25:00.674Z", "object_repr": "[9- E] Irlanda - Su\u00e8cia", "object_id": "9", "change_message": "", "user": 1, "content_type": 11}, "model": "admin.logentry", "pk": 2}, {"fields": {"action_flag": 1, "action_time": "2015-12-18T19:25:40.073Z", "object_repr": "[10- E] B\u00e8lgica - It\u00e0lia", "object_id": "10", "change_message": "", "user": 1, "content_type": 11}, "model": "admin.logentry", "pk": 3}, {"fields": {"action_flag": 1, "action_time": "2015-12-18T19:26:40.615Z", "object_repr": "[11- F] \u00c0ustria - Hongria", "object_id": "11", "change_message": "", "user": 1, "content_type": 11}, "model": "admin.logentry", "pk": 4}, {"fields": {"action_flag": 1, "action_time": "2015-12-18T19:27:33.402Z", "object_repr": "[12- F] Portugal - Isl\u00e0ndia", "object_id": "12", "change_message": "", "user": 1, "content_type": 11}, "model": "admin.logentry", "pk": 5}, {"fields": {"action_flag": 1, "action_time": "2015-12-18T19:28:20.817Z", "object_repr": "[13- B] R\u00fassia - Eslov\u00e0quia", "object_id": "13", "change_message": "", "user": 1, "content_type": 11}, "model": "admin.logentry", "pk": 6}, {"fields": {"action_flag": 1, "action_time": "2015-12-18T19:28:56.313Z", "object_repr": "[14- A] Romania - Su\u00efssa", "object_id": "14", "change_message": "", "user": 1, "content_type": 11}, "model": "admin.logentry", "pk": 7}, {"fields": {"action_flag": 1, "action_time": "2015-12-18T19:29:19.744Z", "object_repr": "[15- A] Fran\u00e7a - Alb\u00e0nia", "object_id": "15", "change_message": "", "user": 1, "content_type": 11}, "model": "admin.logentry", "pk": 8}, {"fields": {"action_flag": 1, "action_time": "2015-12-18T19:32:39.246Z", "object_repr": "[16- B] Anglaterra - Ga\u0140les", "object_id": "16", "change_message": "", "user": 1, "content_type": 11}, "model": "admin.logentry", "pk": 9}, {"fields": {"action_flag": 1, "action_time": "2015-12-18T19:33:14.716Z", "object_repr": "[17- C] Ucra\u00efna - Irlanda del Nord", "object_id": "17", "change_message": "", "user": 1, "content_type": 11}, "model": "admin.logentry", "pk": 10}, {"fields": {"action_flag": 1, "action_time": "2015-12-18T19:33:34.261Z", "object_repr": "[18- C] Alemanya - Pol\u00f2nia", "object_id": "18", "change_message": "", "user": 1, "content_type": 11}, "model": "admin.logentry", "pk": 11}, {"fields": {"action_flag": 1, "action_time": "2015-12-18T19:34:09.695Z", "object_repr": "[19- E] It\u00e0lia - Su\u00e8cia", "object_id": "19", "change_message": "", "user": 1, "content_type": 11}, "model": "admin.logentry", "pk": 12}, {"fields": {"action_flag": 1, "action_time": "2015-12-18T19:34:35.607Z", "object_repr": "[20- D] Rep\u00fablica Txeca - Cro\u00e0cia", "object_id": "20", "change_message": "", "user": 1, "content_type": 11}, "model": "admin.logentry", "pk": 13}, {"fields": {"action_flag": 1, "action_time": "2015-12-18T19:34:59.478Z", "object_repr": "[21- D] Espanya - Turquia", "object_id": "21", "change_message": "", "user": 1, "content_type": 11}, "model": "admin.logentry", "pk": 14}, {"fields": {"action_flag": 1, "action_time": "2015-12-18T19:35:31.099Z", "object_repr": "[22- E] B\u00e8lgica - Irlanda", "object_id": "22", "change_message": "", "user": 1, "content_type": 11}, "model": "admin.logentry", "pk": 15}, {"fields": {"action_flag": 1, "action_time": "2015-12-18T19:35:53.948Z", "object_repr": "[23- F] Isl\u00e0ndia - Hongria", "object_id": "23", "change_message": "", "user": 1, "content_type": 11}, "model": "admin.logentry", "pk": 16}, {"fields": {"action_flag": 1, "action_time": "2015-12-18T19:36:21.933Z", "object_repr": "[24- F] Portugal - \u00c0ustria", "object_id": "24", "change_message": "", "user": 1, "content_type": 11}, "model": "admin.logentry", "pk": 17}, {"fields": {"action_flag": 1, "action_time": "2015-12-18T19:37:07.943Z", "object_repr": "[25- A] Romania - Alb\u00e0nia", "object_id": "25", "change_message": "", "user": 1, "content_type": 11}, "model": "admin.logentry", "pk": 18}, {"fields": {"action_flag": 1, "action_time": "2015-12-18T19:37:28.015Z", "object_repr": "[26- A] Su\u00efssa - Fran\u00e7a", "object_id": "26", "change_message": "", "user": 1, "content_type": 11}, "model": "admin.logentry", "pk": 19}, {"fields": {"action_flag": 1, "action_time": "2015-12-18T19:37:53.430Z", "object_repr": "[27- B] R\u00fassia - Ga\u0140les", "object_id": "27", "change_message": "", "user": 1, "content_type": 11}, "model": "admin.logentry", "pk": 20}, {"fields": {"action_flag": 1, "action_time": "2015-12-18T19:38:14.657Z", "object_repr": "[28- B] Eslov\u00e0quia - Anglaterra", "object_id": "28", "change_message": "", "user": 1, "content_type": 11}, "model": "admin.logentry", "pk": 21}, {"fields": {"action_flag": 1, "action_time": "2015-12-18T19:38:43.672Z", "object_repr": "[29- C] Ucra\u00efna - Pol\u00f2nia", "object_id": "29", "change_message": "", "user": 1, "content_type": 11}, "model": "admin.logentry", "pk": 22}, {"fields": {"action_flag": 1, "action_time": "2015-12-18T19:39:01.591Z", "object_repr": "[30- C] Irlanda del Nord - Alemanya", "object_id": "30", "change_message": "", "user": 1, "content_type": 11}, "model": "admin.logentry", "pk": 23}, {"fields": {"action_flag": 1, "action_time": "2015-12-18T19:39:26.934Z", "object_repr": "[31- D] Rep\u00fablica Txeca - Turquia", "object_id": "31", "change_message": "", "user": 1, "content_type": 11}, "model": "admin.logentry", "pk": 24}, {"fields": {"action_flag": 1, "action_time": "2015-12-18T19:39:44.911Z", "object_repr": "[32- D] Cro\u00e0cia - Espanya", "object_id": "32", "change_message": "", "user": 1, "content_type": 11}, "model": "admin.logentry", "pk": 25}, {"fields": {"action_flag": 1, "action_time": "2015-12-18T19:40:13.739Z", "object_repr": "[33- F] Isl\u00e0ndia - \u00c0ustria", "object_id": "33", "change_message": "", "user": 1, "content_type": 11}, "model": "admin.logentry", "pk": 26}, {"fields": {"action_flag": 1, "action_time": "2015-12-18T19:40:35.641Z", "object_repr": "[34- F] Hongria - Portugal", "object_id": "34", "change_message": "", "user": 1, "content_type": 11}, "model": "admin.logentry", "pk": 27}, {"fields": {"action_flag": 1, "action_time": "2015-12-18T19:40:57.592Z", "object_repr": "[35- E] It\u00e0lia - Irlanda", "object_id": "35", "change_message": "", "user": 1, "content_type": 11}, "model": "admin.logentry", "pk": 28}, {"fields": {"action_flag": 1, "action_time": "2015-12-18T19:41:19.125Z", "object_repr": "[36- E] Su\u00e8cia - B\u00e8lgica", "object_id": "36", "change_message": "", "user": 1, "content_type": 11}, "model": "admin.logentry", "pk": 29}]